"FullName","Extension","SizeMB"
"F:\UnrealProjects\MyShooterScenarios\Content\Crunch_Black_Site_Giant.FBX",".FBX","4,4"
"F:\UnrealProjects\MyShooterScenarios\Content\test.fbx",".fbx","12,64"
"F:\UnrealProjects\MyShooterScenarios\Content\Characters\Animations\Mixamo\Animations\New\Baseball Umpire.fbx",".fbx","0,49"
"F:\UnrealProjects\MyShooterScenarios\Content\Characters\Animations\Mixamo\Animations\New\Charge.fbx",".fbx","0,74"
"F:\UnrealProjects\MyShooterScenarios\Content\Characters\Animations\Mixamo\Animations\New\Cover Idle(1).fbx",".fbx","0,47"
"F:\UnrealProjects\MyShooterScenarios\Content\Characters\Animations\Mixamo\Animations\New\Cover Idle.fbx",".fbx","0,47"
"F:\UnrealProjects\MyShooterScenarios\Content\Characters\Animations\Mixamo\Animations\New\Cover To Stand(1).fbx",".fbx","0,39"
"F:\UnrealProjects\MyShooterScenarios\Content\Characters\Animations\Mixamo\Animations\New\Cover To Stand(2).fbx",".fbx","0,39"
"F:\UnrealProjects\MyShooterScenarios\Content\Characters\Animations\Mixamo\Animations\New\Cover To Stand.fbx",".fbx","0,4"
"F:\UnrealProjects\MyShooterScenarios\Content\Characters\Animations\Mixamo\Animations\New\Crouch Cover To Cover.fbx",".fbx","0,4"
"F:\UnrealProjects\MyShooterScenarios\Content\Characters\Animations\Mixamo\Animations\New\Emerge From Cover(1).fbx",".fbx","0,44"
"F:\UnrealProjects\MyShooterScenarios\Content\Characters\Animations\Mixamo\Animations\New\Emerge From Cover.fbx",".fbx","0,44"
"F:\UnrealProjects\MyShooterScenarios\Content\Characters\Animations\Mixamo\Animations\New\Getting Up.fbx",".fbx","0,51"
"F:\UnrealProjects\MyShooterScenarios\Content\Characters\Animations\Mixamo\Animations\New\Hands Forward Gesture.fbx",".fbx","0,59"
"F:\UnrealProjects\MyShooterScenarios\Content\Characters\Animations\Mixamo\Animations\New\Hiding.fbx",".fbx","0,4"
"F:\UnrealProjects\MyShooterScenarios\Content\Characters\Animations\Mixamo\Animations\New\Hit On Side Of Head.fbx",".fbx","0,61"
"F:\UnrealProjects\MyShooterScenarios\Content\Characters\Animations\Mixamo\Animations\New\Kip Up.fbx",".fbx","0,47"
"F:\UnrealProjects\MyShooterScenarios\Content\Characters\Animations\Mixamo\Animations\New\Pointing.fbx",".fbx","0,5"
"F:\UnrealProjects\MyShooterScenarios\Content\Characters\Animations\Mixamo\Animations\New\Right Cover Sneak(1).fbx",".fbx","0,36"
"F:\UnrealProjects\MyShooterScenarios\Content\Characters\Animations\Mixamo\Animations\New\Right Cover Sneak(2).fbx",".fbx","0,36"
"F:\UnrealProjects\MyShooterScenarios\Content\Characters\Animations\Mixamo\Animations\New\Right Cover Sneak(3).fbx",".fbx","0,36"
"F:\UnrealProjects\MyShooterScenarios\Content\Characters\Animations\Mixamo\Animations\New\Right Cover Sneak.fbx",".fbx","0,36"
"F:\UnrealProjects\MyShooterScenarios\Content\Characters\Animations\Mixamo\Animations\New\Soccer Tackle(1).fbx",".fbx","0,5"
"F:\UnrealProjects\MyShooterScenarios\Content\Characters\Animations\Mixamo\Animations\New\Soccer Tackle.fbx",".fbx","0,5"
"F:\UnrealProjects\MyShooterScenarios\Content\Characters\Animations\Mixamo\Animations\New\Stand To Cover.fbx",".fbx","0,37"
"F:\UnrealProjects\MyShooterScenarios\Content\Characters\Animations\Mixamo\Animations\New\Stand Up(1).fbx",".fbx","0,48"
"F:\UnrealProjects\MyShooterScenarios\Content\Characters\Animations\Mixamo\Animations\New\Stand Up.fbx",".fbx","0,95"
"F:\UnrealProjects\MyShooterScenarios\Content\Characters\Animations\Mixamo\Animations\New\Standing Cover To Cover.fbx",".fbx","0,37"
"F:\UnrealProjects\MyShooterScenarios\Content\Characters\Animations\Mixamo\Animations\New\Standing Taunt Battlecry.fbx",".fbx","0,52"
"F:\UnrealProjects\MyShooterScenarios\Content\Characters\Animations\Mixamo\Animations\New\Standing Up(1).fbx",".fbx","0,43"
"F:\UnrealProjects\MyShooterScenarios\Content\Characters\Animations\Mixamo\Animations\New\Standing Up.fbx",".fbx","1,18"
"F:\UnrealProjects\MyShooterScenarios\Content\Characters\Animations\Mixamo\Animations\New\Taken Hostage - Victim.fbx",".fbx","0,48"
"F:\UnrealProjects\MyShooterScenarios\Content\Characters\Animations\Mixamo\Animations\New\Taken Hostage - Villain.fbx",".fbx","0,45"
"F:\UnrealProjects\MyShooterScenarios\Content\Characters\Animations\Mixamo\Animations\New\Taking Cover Idle(1).fbx",".fbx","0,42"
"F:\UnrealProjects\MyShooterScenarios\Content\Characters\Animations\Mixamo\Animations\New\Taking Cover Idle.fbx",".fbx","0,42"
"F:\UnrealProjects\MyShooterScenarios\Content\Characters\Animations\Mixamo\Animations\New\Taking Cover(1).fbx",".fbx","0,43"
"F:\UnrealProjects\MyShooterScenarios\Content\Characters\Animations\Mixamo\Animations\New\Taking Cover.fbx",".fbx","0,43"
"F:\UnrealProjects\MyShooterScenarios\Content\Characters\Animations\Mixamo\Animations\New\Taunt Gesture.fbx",".fbx","0,44"
"F:\UnrealProjects\MyShooterScenarios\Content\Characters\Animations\Mixamo\Animations\New\Taunt(1).fbx",".fbx","0,37"
"F:\UnrealProjects\MyShooterScenarios\Content\Characters\Animations\Mixamo\Animations\New\Taunt.fbx",".fbx","0,56"
"F:\UnrealProjects\MyShooterScenarios\Content\Characters\Animations\Mixamo\Animations\New\Thoughtful Head Nod.fbx",".fbx","0,57"
"F:\UnrealProjects\MyShooterScenarios\Content\Characters\Animations\Mixamo\Animations\New\Threatening.fbx",".fbx","0,63"
"F:\UnrealProjects\MyShooterScenarios\Content\Characters\Animations\Mixamo\Animations\New\Zombie Agonizing.fbx",".fbx","0,99"
"F:\UnrealProjects\MyShooterScenarios\Content\Characters\Heroes\Mannequin\Animations\Locomotion\Pistol\MM_Pistol_Idle_Hipfire_CUSTOM3.fbx",".fbx","3,76"
"F:\UnrealProjects\MyShooterScenarios\Content\VFX\Vefects\Shots_VFX\Others\Demo\Assets\Meshes\SK_Weapon_01.fbx",".fbx","0,09"
"F:\UnrealProjects\MyShooterScenarios\Content\Crunch_Black_Site_Giant.FBX",".FBX","4,4"
"F:\UnrealProjects\MyShooterScenarios\Content\test.fbx",".fbx","12,64"
"F:\UnrealProjects\MyShooterScenarios\Content\Characters\Animations\Mixamo\Animations\New\Baseball Umpire.fbx",".fbx","0,49"
"F:\UnrealProjects\MyShooterScenarios\Content\Characters\Animations\Mixamo\Animations\New\Charge.fbx",".fbx","0,74"
"F:\UnrealProjects\MyShooterScenarios\Content\Characters\Animations\Mixamo\Animations\New\Cover Idle(1).fbx",".fbx","0,47"
"F:\UnrealProjects\MyShooterScenarios\Content\Characters\Animations\Mixamo\Animations\New\Cover Idle.fbx",".fbx","0,47"
"F:\UnrealProjects\MyShooterScenarios\Content\Characters\Animations\Mixamo\Animations\New\Cover To Stand(1).fbx",".fbx","0,39"
"F:\UnrealProjects\MyShooterScenarios\Content\Characters\Animations\Mixamo\Animations\New\Cover To Stand(2).fbx",".fbx","0,39"
"F:\UnrealProjects\MyShooterScenarios\Content\Characters\Animations\Mixamo\Animations\New\Cover To Stand.fbx",".fbx","0,4"
"F:\UnrealProjects\MyShooterScenarios\Content\Characters\Animations\Mixamo\Animations\New\Crouch Cover To Cover.fbx",".fbx","0,4"
"F:\UnrealProjects\MyShooterScenarios\Content\Characters\Animations\Mixamo\Animations\New\Emerge From Cover(1).fbx",".fbx","0,44"
"F:\UnrealProjects\MyShooterScenarios\Content\Characters\Animations\Mixamo\Animations\New\Emerge From Cover.fbx",".fbx","0,44"
"F:\UnrealProjects\MyShooterScenarios\Content\Characters\Animations\Mixamo\Animations\New\Getting Up.fbx",".fbx","0,51"
"F:\UnrealProjects\MyShooterScenarios\Content\Characters\Animations\Mixamo\Animations\New\Hands Forward Gesture.fbx",".fbx","0,59"
"F:\UnrealProjects\MyShooterScenarios\Content\Characters\Animations\Mixamo\Animations\New\Hiding.fbx",".fbx","0,4"
"F:\UnrealProjects\MyShooterScenarios\Content\Characters\Animations\Mixamo\Animations\New\Hit On Side Of Head.fbx",".fbx","0,61"
"F:\UnrealProjects\MyShooterScenarios\Content\Characters\Animations\Mixamo\Animations\New\Kip Up.fbx",".fbx","0,47"
"F:\UnrealProjects\MyShooterScenarios\Content\Characters\Animations\Mixamo\Animations\New\Pointing.fbx",".fbx","0,5"
"F:\UnrealProjects\MyShooterScenarios\Content\Characters\Animations\Mixamo\Animations\New\Right Cover Sneak(1).fbx",".fbx","0,36"
"F:\UnrealProjects\MyShooterScenarios\Content\Characters\Animations\Mixamo\Animations\New\Right Cover Sneak(2).fbx",".fbx","0,36"
"F:\UnrealProjects\MyShooterScenarios\Content\Characters\Animations\Mixamo\Animations\New\Right Cover Sneak(3).fbx",".fbx","0,36"
"F:\UnrealProjects\MyShooterScenarios\Content\Characters\Animations\Mixamo\Animations\New\Right Cover Sneak.fbx",".fbx","0,36"
"F:\UnrealProjects\MyShooterScenarios\Content\Characters\Animations\Mixamo\Animations\New\Soccer Tackle(1).fbx",".fbx","0,5"
"F:\UnrealProjects\MyShooterScenarios\Content\Characters\Animations\Mixamo\Animations\New\Soccer Tackle.fbx",".fbx","0,5"
"F:\UnrealProjects\MyShooterScenarios\Content\Characters\Animations\Mixamo\Animations\New\Stand To Cover.fbx",".fbx","0,37"
"F:\UnrealProjects\MyShooterScenarios\Content\Characters\Animations\Mixamo\Animations\New\Stand Up(1).fbx",".fbx","0,48"
"F:\UnrealProjects\MyShooterScenarios\Content\Characters\Animations\Mixamo\Animations\New\Stand Up.fbx",".fbx","0,95"
"F:\UnrealProjects\MyShooterScenarios\Content\Characters\Animations\Mixamo\Animations\New\Standing Cover To Cover.fbx",".fbx","0,37"
"F:\UnrealProjects\MyShooterScenarios\Content\Characters\Animations\Mixamo\Animations\New\Standing Taunt Battlecry.fbx",".fbx","0,52"
"F:\UnrealProjects\MyShooterScenarios\Content\Characters\Animations\Mixamo\Animations\New\Standing Up(1).fbx",".fbx","0,43"
"F:\UnrealProjects\MyShooterScenarios\Content\Characters\Animations\Mixamo\Animations\New\Standing Up.fbx",".fbx","1,18"
"F:\UnrealProjects\MyShooterScenarios\Content\Characters\Animations\Mixamo\Animations\New\Taken Hostage - Victim.fbx",".fbx","0,48"
"F:\UnrealProjects\MyShooterScenarios\Content\Characters\Animations\Mixamo\Animations\New\Taken Hostage - Villain.fbx",".fbx","0,45"
"F:\UnrealProjects\MyShooterScenarios\Content\Characters\Animations\Mixamo\Animations\New\Taking Cover Idle(1).fbx",".fbx","0,42"
"F:\UnrealProjects\MyShooterScenarios\Content\Characters\Animations\Mixamo\Animations\New\Taking Cover Idle.fbx",".fbx","0,42"
"F:\UnrealProjects\MyShooterScenarios\Content\Characters\Animations\Mixamo\Animations\New\Taking Cover(1).fbx",".fbx","0,43"
"F:\UnrealProjects\MyShooterScenarios\Content\Characters\Animations\Mixamo\Animations\New\Taking Cover.fbx",".fbx","0,43"
"F:\UnrealProjects\MyShooterScenarios\Content\Characters\Animations\Mixamo\Animations\New\Taunt Gesture.fbx",".fbx","0,44"
"F:\UnrealProjects\MyShooterScenarios\Content\Characters\Animations\Mixamo\Animations\New\Taunt(1).fbx",".fbx","0,37"
"F:\UnrealProjects\MyShooterScenarios\Content\Characters\Animations\Mixamo\Animations\New\Taunt.fbx",".fbx","0,56"
"F:\UnrealProjects\MyShooterScenarios\Content\Characters\Animations\Mixamo\Animations\New\Thoughtful Head Nod.fbx",".fbx","0,57"
"F:\UnrealProjects\MyShooterScenarios\Content\Characters\Animations\Mixamo\Animations\New\Threatening.fbx",".fbx","0,63"
"F:\UnrealProjects\MyShooterScenarios\Content\Characters\Animations\Mixamo\Animations\New\Zombie Agonizing.fbx",".fbx","0,99"
"F:\UnrealProjects\MyShooterScenarios\Content\Characters\Heroes\Mannequin\Animations\Locomotion\Pistol\MM_Pistol_Idle_Hipfire_CUSTOM3.fbx",".fbx","3,76"
"F:\UnrealProjects\MyShooterScenarios\Content\VFX\Vefects\Shots_VFX\Others\Demo\Assets\Meshes\SK_Weapon_01.fbx",".fbx","0,09"
